created_day,Created,Inspection Date,Inspected by,Inspection Item..,Rating Good,Rating Poor,completed_flag,duplicate_item_same_day,Issue Location/Area,Issue,Corrective Action,Status
2025-01-06,2025-01-06 04:40:14.913,2025-01-06,aferguson@moorepackaging.com,Units and Stock,1.0,,1,False,,,,
2025-01-06,2025-01-06 04:42:17.653,2025-01-06,aferguson@moorepackaging.com,General Housekeeping,1.0,,0,False,,,,
2025-01-06,2025-01-06 04:42:24.872,2025-01-06,aferguson@moorepackaging.com,Trailers,1.0,,0,False,,,,
2025-01-06,2025-01-06 04:42:32.741,2025-01-06,aferguson@moorepackaging.com,Loading Bars,1.0,,0,False,,,,
2025-01-06,2025-01-06 04:43:10.168,2025-01-06,aferguson@moorepackaging.com,Forklift Operation,1.0,,0,False,,,,
2025-01-06,2025-01-06 04:43:45.162,2025-01-06,aferguson@moorepackaging.com,Electrical Equipment,1.0,,0,False,,,,
2025-01-06,2025-01-06 04:43:52.825,2025-01-06,aferguson@moorepackaging.com,Emergency Equipment,1.0,,0,False,,,,
2025-01-06,2025-01-06 04:43:58.729,2025-01-06,aferguson@moorepackaging.com,Employee PPE,1.0,,0,False,,,,
2025-01-06,2025-01-06 04:44:05.682,2025-01-06,aferguson@moorepackaging.com,MSD Hazards,1.0,,0,False,,,,
2025-01-06,2025-01-06 04:45:54.960,2025-01-06,aferguson@moorepackaging.com,Forklift Inspection Records,1.0,,0,False,,,,
2025-01-21,2025-01-21 09:11:22.717,2025-01-21,aferguson@moorepackaging.com,General Housekeeping,1.0,,0,False,,,,
2025-01-21,2025-01-21 09:20:42.445,2025-01-21,aferguson@moorepackaging.com,Units and Stock,,1.0,0,False,warehouse / wall area,excess amount of supplier & internal stock,,Completed
2025-01-21,2025-01-21 09:20:50.763,2025-01-21,aferguson@moorepackaging.com,Trailers,1.0,,0,False,,,,
2025-01-21,2025-01-21 09:20:59.193,2025-01-21,aferguson@moorepackaging.com,Loading Bars,1.0,,0,False,,,,
2025-01-21,2025-01-21 09:21:07.003,2025-01-21,aferguson@moorepackaging.com,Forklift Operation,1.0,,0,False,,,,
2025-01-21,2025-01-21 09:21:13.040,2025-01-21,aferguson@moorepackaging.com,Forklift Inspection Records,1.0,,0,False,,,,
2025-01-21,2025-01-21 09:21:19.929,2025-01-21,aferguson@moorepackaging.com,Electrical Equipment,1.0,,0,False,,,,
2025-01-21,2025-01-21 09:21:27.376,2025-01-21,aferguson@moorepackaging.com,Emergency Equipment,1.0,,0,False,,,,
2025-01-21,2025-01-21 09:21:35.165,2025-01-21,aferguson@moorepackaging.com,Employee PPE,1.0,,0,False,,,,
2025-01-21,2025-01-21 09:21:41.963,2025-01-21,aferguson@moorepackaging.com,MSD Hazards,1.0,,0,False,,,,
2025-01-21,2025-01-21 09:24:41.784,2025-01-21,aferguson@moorepackaging.com,,,,1,False,,,,
2025-01-29,2025-01-29 07:40:09.031,2025-01-29,aferguson@moorepackaging.com,General Housekeeping,,1.0,1,False,warehouse,conjestiondue to excess scrap from production and excess outside stock,Bruce M working on resolution,Completed
2025-01-29,2025-01-29 07:40:16.450,2025-01-29,aferguson@moorepackaging.com,Units and Stock,1.0,,0,False,,,,
2025-01-29,2025-01-29 07:40:23.135,2025-01-29,aferguson@moorepackaging.com,Trailers,1.0,,0,False,,,,
2025-01-29,2025-01-29 07:40:29.144,2025-01-29,aferguson@moorepackaging.com,Loading Bars,1.0,,0,False,,,,
2025-01-29,2025-01-29 07:40:35.750,2025-01-29,aferguson@moorepackaging.com,Forklift Operation,1.0,,0,False,,,,
2025-01-29,2025-01-29 07:40:42.543,2025-01-29,aferguson@moorepackaging.com,Forklift Inspection Records,1.0,,0,False,,,,
2025-01-29,2025-01-29 07:40:50.890,2025-01-29,aferguson@moorepackaging.com,Electrical Equipment,1.0,,0,False,,,,
2025-01-29,2025-01-29 07:40:57.001,2025-01-29,aferguson@moorepackaging.com,Emergency Equipment,1.0,,0,False,,,,
2025-01-29,2025-01-29 07:41:13.459,2025-01-29,aferguson@moorepackaging.com,Employee PPE,1.0,,0,False,,,,
2025-01-29,2025-01-29 07:41:19.505,2025-01-29,aferguson@moorepackaging.com,MSD Hazards,1.0,,0,False,,,,
2025-02-03,2025-02-03 09:32:45.986,2025-02-03,aferguson@moorepackaging.com,General Housekeeping,1.0,,1,True,,,,
2025-02-03,2025-02-03 09:32:56.872,2025-02-03,aferguson@moorepackaging.com,Units and Stock,1.0,,0,True,,,,
2025-02-03,2025-02-03 09:33:09.831,2025-02-03,aferguson@moorepackaging.com,Trailers,1.0,,0,True,,,,
2025-02-03,2025-02-03 09:33:21.693,2025-02-03,aferguson@moorepackaging.com,Loading Bars,1.0,,0,True,,,,
2025-02-03,2025-02-03 09:33:33.556,2025-02-03,aferguson@moorepackaging.com,Forklift Operation,1.0,,0,True,,,,
2025-02-03,2025-02-03 09:33:43.944,2025-02-03,aferguson@moorepackaging.com,Forklift Inspection Records,1.0,,0,True,,,,
2025-02-03,2025-02-03 09:33:53.576,2025-02-03,aferguson@moorepackaging.com,Electrical Equipment,1.0,,0,True,,,,
2025-02-03,2025-02-03 09:34:09.488,2025-02-03,aferguson@moorepackaging.com,Emergency Equipment,1.0,,0,True,,,,
2025-02-03,2025-02-03 09:34:20.897,2025-02-03,aferguson@moorepackaging.com,Employee PPE,1.0,,0,True,,,,
2025-02-03,2025-02-03 09:34:36.084,2025-02-03,aferguson@moorepackaging.com,MSD Hazards,1.0,,0,True,,,,
2025-02-03,2025-02-03 09:35:26.954,2025-02-03,aferguson@moorepackaging.com,General Housekeeping,1.0,,0,True,,,,
2025-02-03,2025-02-03 09:35:33.500,2025-02-03,aferguson@moorepackaging.com,Units and Stock,1.0,,0,True,,,,
2025-02-03,2025-02-03 09:35:39.480,2025-02-03,aferguson@moorepackaging.com,Trailers,1.0,,0,True,,,,
2025-02-03,2025-02-03 09:35:46.257,2025-02-03,aferguson@moorepackaging.com,Loading Bars,1.0,,0,True,,,,
2025-02-03,2025-02-03 09:35:52.723,2025-02-03,aferguson@moorepackaging.com,Forklift Operation,1.0,,0,True,,,,
2025-02-03,2025-02-03 09:35:59.358,2025-02-03,aferguson@moorepackaging.com,Forklift Inspection Records,1.0,,0,True,,,,
2025-02-03,2025-02-03 09:36:11.222,2025-02-03,aferguson@moorepackaging.com,Electrical Equipment,1.0,,0,True,,,,
2025-02-03,2025-02-03 09:36:18.192,2025-02-03,aferguson@moorepackaging.com,Emergency Equipment,1.0,,0,True,,,,
2025-02-03,2025-02-03 09:36:25.448,2025-02-03,aferguson@moorepackaging.com,Employee PPE,1.0,,0,True,,,,
2025-02-03,2025-02-03 09:36:32.702,2025-02-03,aferguson@moorepackaging.com,MSD Hazards,1.0,,0,True,,,,
2025-02-03,2025-02-03 09:37:54.321,2025-02-03,aferguson@moorepackaging.com,,,,1,False,,,,
2025-02-10,2025-02-10 08:57:06.339,2025-02-10,aferguson@moorepackaging.com,General Housekeeping,1.0,,1,False,,,,
2025-02-10,2025-02-10 08:57:13.688,2025-02-10,aferguson@moorepackaging.com,Units and Stock,1.0,,0,False,,,,
2025-02-10,2025-02-10 08:57:35.156,2025-02-10,aferguson@moorepackaging.com,Trailers,1.0,,0,False,,,,
2025-02-10,2025-02-10 08:57:43.962,2025-02-10,aferguson@moorepackaging.com,Loading Bars,1.0,,0,False,,,,
2025-02-10,2025-02-10 08:57:58.159,2025-02-10,aferguson@moorepackaging.com,Forklift Operation,1.0,,0,False,,,,
2025-02-17,2025-02-17 10:23:56.934,2025-02-17,aferguson@moorepackaging.com,,,,1,False,,,,
2025-02-17,2025-02-17 10:25:29.599,2025-02-17,aferguson@moorepackaging.com,General Housekeeping,1.0,,0,False,,,,
2025-02-17,2025-02-17 10:25:40.177,2025-02-17,aferguson@moorepackaging.com,Units and Stock,1.0,,0,False,,,,
2025-02-17,2025-02-17 10:25:47.516,2025-02-17,aferguson@moorepackaging.com,Trailers,1.0,,0,False,,,,
2025-02-17,2025-02-17 10:25:55.488,2025-02-17,aferguson@moorepackaging.com,Loading Bars,1.0,,0,False,,,,
2025-02-17,2025-02-17 10:26:04.188,2025-02-17,aferguson@moorepackaging.com,Forklift Operation,1.0,,0,False,,,,
2025-02-17,2025-02-17 10:26:29.162,2025-02-17,aferguson@moorepackaging.com,Forklift Inspection Records,1.0,,0,False,,,,
2025-02-17,2025-02-17 10:26:37.651,2025-02-17,aferguson@moorepackaging.com,Electrical Equipment,1.0,,0,False,,,,
2025-02-17,2025-02-17 10:26:49.269,2025-02-17,aferguson@moorepackaging.com,Emergency Equipment,1.0,,0,False,,,,
2025-02-17,2025-02-17 10:26:55.398,2025-02-17,aferguson@moorepackaging.com,Employee PPE,1.0,,0,False,,,,
2025-02-17,2025-02-17 10:27:03.550,2025-02-17,aferguson@moorepackaging.com,MSD Hazards,1.0,,0,False,,,,
2025-02-17,2025-02-17 10:27:11.318,2025-02-17,aferguson@moorepackaging.com,,1.0,,0,False,,,,
2025-02-17,2025-02-17 10:27:57.614,2025-02-17,aferguson@moorepackaging.com,,,,1,False,,,,
2025-02-28,2025-02-28 07:00:56.181,2025-02-28,aferguson@moorepackaging.com,General Housekeeping,,1.0,0,False,walkway by door 2 was cleared of pallets,palletbroke,clear the pallets,Completed
2025-02-28,2025-02-28 07:02:49.846,2025-02-28,aferguson@moorepackaging.com,Units and Stock,,1.0,0,False,warehouse is at capacity,at capacity,w√†rehouse safely and monitor conditions,Completed
2025-02-28,2025-02-28 07:03:10.065,2025-02-28,aferguson@moorepackaging.com,Trailers,1.0,,0,False,,,,
2025-02-28,2025-02-28 07:03:14.636,2025-02-28,aferguson@moorepackaging.com,Loading Bars,1.0,,0,False,,,,
2025-02-28,2025-02-28 07:03:33.165,2025-02-28,aferguson@moorepackaging.com,Forklift Operation,1.0,,0,False,,,,
2025-02-28,2025-02-28 07:03:37.788,2025-02-28,aferguson@moorepackaging.com,Forklift Inspection Records,1.0,,0,False,,,,
2025-02-28,2025-02-28 07:03:43.731,2025-02-28,aferguson@moorepackaging.com,Electrical Equipment,1.0,,0,False,,,,
2025-02-28,2025-02-28 07:03:54.389,2025-02-28,aferguson@moorepackaging.com,Emergency Equipment,1.0,,0,False,,,,
2025-02-28,2025-02-28 07:04:00.187,2025-02-28,aferguson@moorepackaging.com,Employee PPE,1.0,,0,False,,,,
2025-02-28,2025-02-28 07:04:08.195,2025-02-28,aferguson@moorepackaging.com,MSD Hazards,1.0,,0,False,,,,
2025-02-28,2025-02-28 07:17:22.276,2025-02-28,aferguson@moorepackaging.com,,,,1,False,,,,
2025-03-06,2025-03-06 12:36:07.968,2025-03-06,aferguson@moorepackaging.com,General Housekeeping,,1.0,1,False,warehouse shipping hold area,excess amounts of customer units & outside stock,,Completed
2025-03-06,2025-03-06 12:36:32.823,2025-03-06,aferguson@moorepackaging.com,Units and Stock,1.0,,0,False,,,,
2025-03-06,2025-03-06 12:36:40.048,2025-03-06,aferguson@moorepackaging.com,Trailers,1.0,,0,False,,,,
2025-03-06,2025-03-06 12:36:48.077,2025-03-06,aferguson@moorepackaging.com,Loading Bars,1.0,,0,False,,,,
2025-03-06,2025-03-06 12:36:56.512,2025-03-06,aferguson@moorepackaging.com,Forklift Operation,1.0,,0,False,,,,
2025-03-06,2025-03-06 12:37:04.017,2025-03-06,aferguson@moorepackaging.com,Forklift Inspection Records,1.0,,0,False,,,,
2025-03-06,2025-03-06 12:37:12.070,2025-03-06,aferguson@moorepackaging.com,Electrical Equipment,1.0,,0,True,,,,
2025-03-06,2025-03-06 12:37:21.105,2025-03-06,aferguson@moorepackaging.com,Electrical Equipment,1.0,,0,True,,,,
2025-03-06,2025-03-06 12:37:32.550,2025-03-06,aferguson@moorepackaging.com,Emergency Equipment,,,0,False,,,,
2025-03-06,2025-03-06 12:37:42.402,2025-03-06,aferguson@moorepackaging.com,Employee PPE,,,0,False,,,,
2025-03-06,2025-03-06 12:37:51.273,2025-03-06,aferguson@moorepackaging.com,MSD Hazards,1.0,,0,False,,,,
2025-03-06,2025-03-06 12:40:52.973,2025-03-06,aferguson@moorepackaging.com,,,,1,False,,,,
2025-03-14,2025-03-14 06:44:32.028,2025-03-14,aferguson@moorepackaging.com,General Housekeeping,,1.0,0,False,warehouse is conjested with outside stock.,overstocked,bruce is adjusting as much as possible and utilizing trailers as buffer to reduce risks,Completed
2025-03-14,2025-03-14 06:45:06.661,2025-03-14,aferguson@moorepackaging.com,Units and Stock,1.0,,0,False,,,,
2025-03-14,2025-03-14 06:45:15.535,2025-03-14,aferguson@moorepackaging.com,Trailers,1.0,,0,False,,,,
2025-03-14,2025-03-14 06:45:25.109,2025-03-14,aferguson@moorepackaging.com,Loading Bars,1.0,,0,False,,,,
2025-03-14,2025-03-14 06:45:32.512,2025-03-14,aferguson@moorepackaging.com,Forklift Operation,1.0,,0,False,,,,
2025-03-14,2025-03-14 06:45:40.346,2025-03-14,aferguson@moorepackaging.com,Forklift Inspection Records,1.0,,0,False,,,,
2025-03-14,2025-03-14 06:45:58.996,2025-03-14,aferguson@moorepackaging.com,Electrical Equipment,1.0,,0,False,,,,
2025-03-14,2025-03-14 06:46:05.769,2025-03-14,aferguson@moorepackaging.com,Emergency Equipment,1.0,,0,False,,,,
2025-03-14,2025-03-14 06:47:15.144,2025-03-14,aferguson@moorepackaging.com,Employee PPE,1.0,,0,False,,,,
2025-03-14,2025-03-14 06:47:21.544,2025-03-14,aferguson@moorepackaging.com,MSD Hazards,1.0,,0,False,,,,
2025-03-14,2025-03-14 06:48:26.903,2025-03-14,aferguson@moorepackaging.com,,,,1,False,,,,
2025-03-18,2025-03-18 09:24:30.111,2025-03-18,aferguson@moorepackaging.com,General Housekeeping,1.0,,0,False,,,,
2025-03-18,2025-03-18 09:24:46.186,2025-03-18,aferguson@moorepackaging.com,Units and Stock,,,0,True,,,,
2025-03-18,2025-03-18 09:25:02.147,2025-03-18,aferguson@moorepackaging.com,Trailers,1.0,,0,True,,,,
2025-03-18,2025-03-18 10:33:43.564,2025-03-18,aferguson@moorepackaging.com,Units and Stock,,1.0,0,True,warehouse,"warehouse full, rows/units neeed to be straightened up",,
2025-03-18,2025-03-18 10:33:44.461,2025-03-18,aferguson@moorepackaging.com,Trailers,1.0,,0,True,,,,
2025-03-18,2025-03-18 10:33:50.429,2025-03-18,aferguson@moorepackaging.com,Loading Bars,1.0,,0,False,,,,
2025-03-18,2025-03-18 10:33:57.576,2025-03-18,aferguson@moorepackaging.com,Forklift Operation,1.0,,0,False,,,,
2025-03-18,2025-03-18 10:34:05.124,2025-03-18,aferguson@moorepackaging.com,Forklift Inspection Records,1.0,,0,False,,,,
2025-03-18,2025-03-18 10:34:11.862,2025-03-18,aferguson@moorepackaging.com,Electrical Equipment,1.0,,0,False,,,,
2025-03-18,2025-03-18 10:34:19.141,2025-03-18,aferguson@moorepackaging.com,Emergency Equipment,1.0,,0,False,,,,
2025-03-18,2025-03-18 10:34:26.968,2025-03-18,aferguson@moorepackaging.com,Employee PPE,1.0,,0,False,,,,
2025-03-18,2025-03-18 10:34:35.066,2025-03-18,aferguson@moorepackaging.com,MSD Hazards,1.0,,0,False,,,,
2025-03-18,2025-03-18 10:36:45.533,2025-03-18,aferguson@moorepackaging.com,,,,1,False,,,,
2025-03-24,2025-03-24 04:34:18.534,2025-03-24,aferguson@moorepackaging.com,General Housekeeping,1.0,,0,False,,,,
2025-03-24,2025-03-24 04:34:27.853,2025-03-24,aferguson@moorepackaging.com,Units and Stock,1.0,,0,False,,,,
2025-03-24,2025-03-24 04:34:39.545,2025-03-24,aferguson@moorepackaging.com,Trailers,1.0,,0,False,,,,
2025-03-24,2025-03-24 04:34:45.397,2025-03-24,aferguson@moorepackaging.com,Loading Bars,1.0,,0,False,,,,
2025-03-24,2025-03-24 04:34:52.423,2025-03-24,aferguson@moorepackaging.com,Forklift Operation,1.0,,0,False,,,,
2025-03-24,2025-03-24 04:35:01.760,2025-03-24,aferguson@moorepackaging.com,Forklift Inspection Records,1.0,,0,False,,,,
2025-03-24,2025-03-24 04:35:13.827,2025-03-24,aferguson@moorepackaging.com,Electrical Equipment,1.0,,0,False,,,,
2025-03-24,2025-03-24 04:35:32.102,2025-03-24,aferguson@moorepackaging.com,Emergency Equipment,1.0,,0,False,,,,
2025-03-24,2025-03-24 04:35:37.021,2025-03-24,aferguson@moorepackaging.com,Employee PPE,1.0,,0,False,,,,
2025-03-24,2025-03-24 04:35:44.737,2025-03-24,aferguson@moorepackaging.com,MSD Hazards,1.0,,0,False,,,,
2025-03-24,2025-03-24 04:36:43.835,2025-03-24,aferguson@moorepackaging.com,,,,1,False,,,,
2025-03-31,2025-03-31 13:11:08.695,2025-03-31,mbrown@moorepackaging.com,,,,1,False,,,,
2025-04-09,2025-04-09 07:40:08.581,2025-04-09,mbrown@moorepackaging.com,General Housekeeping,1.0,,1,False,,,,
2025-04-09,2025-04-09 07:40:15.453,2025-04-09,mbrown@moorepackaging.com,Units and Stock,1.0,,0,False,,,,
2025-04-09,2025-04-09 07:40:24.794,2025-04-09,mbrown@moorepackaging.com,Trailers,1.0,,0,False,,,,
2025-04-09,2025-04-09 07:40:33.461,2025-04-09,mbrown@moorepackaging.com,Loading Bars,1.0,,0,False,,,,
2025-04-09,2025-04-09 07:40:42.448,2025-04-09,mbrown@moorepackaging.com,Forklift Operation,1.0,,0,True,,,,
2025-04-09,2025-04-09 07:40:49.565,2025-04-09,mbrown@moorepackaging.com,Forklift Operation,1.0,,0,True,,,,
2025-04-09,2025-04-09 07:40:55.323,2025-04-09,mbrown@moorepackaging.com,Forklift Inspection Records,1.0,,0,False,,,,
2025-04-09,2025-04-09 07:41:02.926,2025-04-09,mbrown@moorepackaging.com,Electrical Equipment,1.0,,0,False,,,,
2025-04-09,2025-04-09 07:41:09.377,2025-04-09,mbrown@moorepackaging.com,Emergency Equipment,1.0,,0,False,,,,
2025-04-09,2025-04-09 07:41:18.244,2025-04-09,mbrown@moorepackaging.com,Employee PPE,1.0,,0,False,,,,
2025-04-09,2025-04-09 07:41:24.372,2025-04-09,mbrown@moorepackaging.com,MSD Hazards,1.0,,0,False,,,,
2025-04-09,2025-04-09 07:43:51.955,2025-04-09,mbrown@moorepackaging.com,,,,1,False,,,,
2025-04-17,2025-04-17 05:29:12.689,2025-04-17,mbrown@moorepackaging.com,General Housekeeping,1.0,,1,False,,,,
2025-04-17,2025-04-17 05:29:19.995,2025-04-17,mbrown@moorepackaging.com,Units and Stock,1.0,,0,False,,,,
2025-04-17,2025-04-17 05:29:29.070,2025-04-17,mbrown@moorepackaging.com,Trailers,1.0,,0,False,,,,
2025-04-17,2025-04-17 05:29:37.989,2025-04-17,mbrown@moorepackaging.com,Loading Bars,1.0,,0,False,,,,
2025-04-17,2025-04-17 05:29:47.517,2025-04-17,mbrown@moorepackaging.com,Forklift Operation,1.0,,0,False,,,,
2025-04-17,2025-04-17 05:29:56.426,2025-04-17,mbrown@moorepackaging.com,Forklift Inspection Records,1.0,,0,False,,,,
2025-04-17,2025-04-17 05:30:10.922,2025-04-17,mbrown@moorepackaging.com,Electrical Equipment,1.0,,0,False,,,,
2025-04-17,2025-04-17 05:30:21.660,2025-04-17,mbrown@moorepackaging.com,Emergency Equipment,1.0,,0,False,,,,
2025-04-17,2025-04-17 05:30:30.655,2025-04-17,mbrown@moorepackaging.com,Employee PPE,1.0,,0,False,,,,
2025-04-17,2025-04-17 05:30:40.177,2025-04-17,mbrown@moorepackaging.com,MSD Hazards,1.0,,0,False,,,,
2025-04-17,2025-04-17 05:32:22.226,2025-04-17,mbrown@moorepackaging.com,,,,1,False,,,,
2025-04-22,2025-04-22 06:38:06.113,2025-04-22,mbrown@moorepackaging.com,General Housekeeping,1.0,,0,False,,,,
2025-04-22,2025-04-22 06:39:42.519,2025-04-22,mbrown@moorepackaging.com,Units and Stock,1.0,,0,False,,,,
2025-04-22,2025-04-22 06:39:48.461,2025-04-22,mbrown@moorepackaging.com,Trailers,1.0,,0,False,,,,
2025-04-22,2025-04-22 06:39:54.578,2025-04-22,mbrown@moorepackaging.com,Loading Bars,1.0,,0,False,,,,
2025-04-22,2025-04-22 06:40:00.536,2025-04-22,mbrown@moorepackaging.com,Forklift Operation,1.0,,0,False,,,,
2025-04-22,2025-04-22 06:40:07.733,2025-04-22,mbrown@moorepackaging.com,Forklift Inspection Records,1.0,,0,False,,,,
2025-04-22,2025-04-22 06:40:15.347,2025-04-22,mbrown@moorepackaging.com,Electrical Equipment,1.0,,0,False,,,,
2025-04-22,2025-04-22 06:40:23.695,2025-04-22,mbrown@moorepackaging.com,Emergency Equipment,1.0,,0,False,,,,
2025-04-22,2025-04-22 06:40:29.129,2025-04-22,mbrown@moorepackaging.com,Employee PPE,1.0,,0,False,,,,
2025-04-22,2025-04-22 06:40:35.235,2025-04-22,mbrown@moorepackaging.com,MSD Hazards,1.0,,0,False,,,,
2025-04-22,2025-04-22 06:41:48.087,2025-04-22,mbrown@moorepackaging.com,,,,1,False,,,,
2025-04-28,2025-04-28 07:51:03.076,2025-04-28,mbrown@moorepackaging.com,General Housekeeping,1.0,,1,False,,,,
2025-04-28,2025-04-28 07:51:09.796,2025-04-28,mbrown@moorepackaging.com,Units and Stock,1.0,,0,False,,,,
2025-04-28,2025-04-28 07:51:17.534,2025-04-28,mbrown@moorepackaging.com,Trailers,1.0,,0,False,,,,
2025-04-28,2025-04-28 07:51:24.158,2025-04-28,mbrown@moorepackaging.com,Loading Bars,1.0,,0,False,,,,
2025-04-28,2025-04-28 07:51:30.289,2025-04-28,mbrown@moorepackaging.com,Forklift Operation,1.0,,0,False,,,,
2025-04-28,2025-04-28 07:51:36.708,2025-04-28,mbrown@moorepackaging.com,Forklift Inspection Records,1.0,,0,False,,,,
2025-04-28,2025-04-28 07:51:44.078,2025-04-28,mbrown@moorepackaging.com,Electrical Equipment,1.0,,0,False,,,,
2025-04-28,2025-04-28 07:51:49.732,2025-04-28,mbrown@moorepackaging.com,Emergency Equipment,1.0,,0,False,,,,
2025-04-28,2025-04-28 07:51:56.261,2025-04-28,mbrown@moorepackaging.com,Employee PPE,1.0,,0,False,,,,
2025-04-28,2025-04-28 07:52:02.698,2025-04-28,mbrown@moorepackaging.com,MSD Hazards,1.0,,0,False,,,,
2025-04-28,2025-04-28 07:53:12.521,2025-04-28,mbrown@moorepackaging.com,,,,1,False,,,,
2025-05-05,2025-05-05 06:11:39.729,2025-05-05,mbrown@moorepackaging.com,General Housekeeping,1.0,,0,False,,,,
2025-05-05,2025-05-05 06:17:47.567,2025-05-05,mbrown@moorepackaging.com,Units and Stock,,1.0,0,False,"scrap area by wall is overflowing and baler does not seem to have capacity to reduce scrap from lines, corrugator, as well as the excess build up being stored by wall. Bruce will arrange a live load to get scrap back to a safe level",excess waste being stored,Bruce to arrange pick up to reduce level,Completed
2025-05-05,2025-05-05 06:17:55.375,2025-05-05,mbrown@moorepackaging.com,Trailers,1.0,,0,False,,,,
2025-05-05,2025-05-05 06:18:02.186,2025-05-05,mbrown@moorepackaging.com,Loading Bars,1.0,,0,False,,,,
2025-05-05,2025-05-05 06:18:07.294,2025-05-05,mbrown@moorepackaging.com,Forklift Operation,1.0,,0,True,,,,
2025-05-05,2025-05-05 06:18:14.060,2025-05-05,mbrown@moorepackaging.com,Forklift Operation,1.0,,0,True,,,,
2025-05-05,2025-05-05 06:18:22.527,2025-05-05,mbrown@moorepackaging.com,Forklift Inspection Records,1.0,,0,False,,,,
2025-05-05,2025-05-05 06:18:37.868,2025-05-05,mbrown@moorepackaging.com,Electrical Equipment,1.0,,0,False,,,,
2025-05-05,2025-05-05 06:18:48.512,2025-05-05,mbrown@moorepackaging.com,Emergency Equipment,1.0,,0,False,,,,
2025-05-05,2025-05-05 06:19:04.565,2025-05-05,mbrown@moorepackaging.com,Employee PPE,1.0,,0,False,,,,
2025-05-05,2025-05-05 06:19:12.333,2025-05-05,mbrown@moorepackaging.com,MSD Hazards,1.0,,0,False,,,,
2025-05-05,2025-05-05 06:22:50.442,2025-05-05,mbrown@moorepackaging.com,Forklift Operation,1.0,,0,True,,,,
2025-05-05,2025-05-05 06:24:03.847,2025-05-05,mbrown@moorepackaging.com,,,,1,False,,,,
2025-05-12,2025-05-12 08:56:38.166,2025-05-12,mbrown@moorepackaging.com,General Housekeeping,1.0,,0,False,,,,
2025-05-12,2025-05-12 08:56:43.734,2025-05-12,mbrown@moorepackaging.com,Units and Stock,1.0,,0,False,,,,
2025-05-12,2025-05-12 08:56:52.177,2025-05-12,mbrown@moorepackaging.com,Trailers,1.0,,0,False,,,,
2025-05-12,2025-05-12 08:56:58.477,2025-05-12,mbrown@moorepackaging.com,Loading Bars,1.0,,0,False,,,,
2025-05-12,2025-05-12 08:57:04.836,2025-05-12,mbrown@moorepackaging.com,Forklift Operation,1.0,,0,False,,,,
2025-05-12,2025-05-12 08:57:10.720,2025-05-12,mbrown@moorepackaging.com,Forklift Inspection Records,1.0,,0,False,,,,
2025-05-12,2025-05-12 08:57:28.137,2025-05-12,mbrown@moorepackaging.com,Electrical Equipment,1.0,,0,False,,,,
2025-05-12,2025-05-12 09:00:51.792,2025-05-12,mbrown@moorepackaging.com,Emergency Equipment,,1.0,0,False,warehouse shipping,"exit Q exit light out. / emergency light dor exit M, O, P, Q , R & K not working, battery dead. work order 8222 issued may 12th.",,
2025-05-12,2025-05-12 09:00:58.131,2025-05-12,mbrown@moorepackaging.com,Employee PPE,1.0,,0,False,,,,
2025-05-12,2025-05-12 09:01:04.727,2025-05-12,mbrown@moorepackaging.com,MSD Hazards,1.0,,0,False,,,,
2025-05-12,2025-05-12 09:01:42.274,2025-05-12,mbrown@moorepackaging.com,,,,1,False,,,,
2025-05-22,2025-05-22 09:54:55.114,2025-05-22,mbrown@moorepackaging.com,General Housekeeping,,1.0,0,True,location 113,leak in roof dripping on stock,maintenance has been shown and are making arrangements to have leak repaired,Completed
2025-05-22,2025-05-22 09:57:05.250,2025-05-22,mbrown@moorepackaging.com,General Housekeeping,,1.0,0,True,loc 113,leak in roof,maintenance notified to get roof leak repaired,Assign to:
2025-05-22,2025-05-22 10:00:03.010,2025-05-22,mbrown@moorepackaging.com,Units and Stock,,1.0,0,False,between label racks and unitizer is over jammed with WASTE,bailer not keeping up with WASTE volumes causing space concerns in whse,bail more waste or ship waste out loose,Completed
2025-05-22,2025-05-22 10:00:13.676,2025-05-22,mbrown@moorepackaging.com,Trailers,1.0,,0,False,,,,
2025-05-22,2025-05-22 10:00:19.656,2025-05-22,mbrown@moorepackaging.com,Loading Bars,1.0,,0,False,,,,
2025-05-22,2025-05-22 10:00:24.693,2025-05-22,mbrown@moorepackaging.com,Forklift Operation,1.0,,0,False,,,,
2025-05-22,2025-05-22 10:00:30.514,2025-05-22,mbrown@moorepackaging.com,Forklift Inspection Records,1.0,,0,False,,,,
2025-05-22,2025-05-22 10:00:42.796,2025-05-22,mbrown@moorepackaging.com,Electrical Equipment,1.0,,0,False,,,,
2025-05-22,2025-05-22 10:00:50.058,2025-05-22,mbrown@moorepackaging.com,Emergency Equipment,1.0,,0,False,,,,
2025-05-22,2025-05-22 10:00:55.030,2025-05-22,mbrown@moorepackaging.com,Employee PPE,1.0,,0,False,,,,
2025-05-22,2025-05-22 10:00:59.939,2025-05-22,mbrown@moorepackaging.com,MSD Hazards,1.0,,0,False,,,,
2025-05-22,2025-05-22 10:01:37.445,2025-05-22,mbrown@moorepackaging.com,,,,1,False,,,,
2025-05-29,2025-05-29 07:49:29.783,2025-05-29,mbrown@moorepackaging.com,General Housekeeping,,1.0,1,False,wall area in shipping,excessive amount of waste units,Atlantic quad to remove,Completed
2025-05-29,2025-05-29 07:49:50.577,2025-05-29,mbrown@moorepackaging.com,Units and Stock,1.0,,0,False,,,,
2025-05-29,2025-05-29 07:49:59.116,2025-05-29,mbrown@moorepackaging.com,Trailers,1.0,,0,True,,,,
2025-05-29,2025-05-29 07:50:08.112,2025-05-29,mbrown@moorepackaging.com,Trailers,1.0,,0,True,,,,
2025-05-29,2025-05-29 07:50:16.634,2025-05-29,mbrown@moorepackaging.com,Loading Bars,1.0,,0,False,,,,
2025-05-29,2025-05-29 07:50:23.512,2025-05-29,mbrown@moorepackaging.com,Forklift Operation,1.0,,0,False,,,,
2025-05-29,2025-05-29 07:50:31.457,2025-05-29,mbrown@moorepackaging.com,Forklift Inspection Records,1.0,,0,False,,,,
2025-05-29,2025-05-29 07:50:37.877,2025-05-29,mbrown@moorepackaging.com,Electrical Equipment,1.0,,0,False,,,,
2025-05-29,2025-05-29 07:50:45.198,2025-05-29,mbrown@moorepackaging.com,Emergency Equipment,1.0,,0,True,,,,
2025-05-29,2025-05-29 07:55:37.080,2025-05-29,mbrown@moorepackaging.com,Emergency Equipment,,1.0,0,True,warehouse,"ex lighting on doors, batteries dead, need replaced. work order issued",,
2025-05-29,2025-05-29 07:55:47.019,2025-05-29,mbrown@moorepackaging.com,Employee PPE,1.0,,0,False,,,,
2025-05-29,2025-05-29 07:55:52.919,2025-05-29,mbrown@moorepackaging.com,MSD Hazards,1.0,,0,False,,,,
2025-05-29,2025-05-29 07:56:57.311,2025-05-29,mbrown@moorepackaging.com,,,,1,False,,,,
2025-06-03,2025-06-03 06:10:06.224,2025-06-03,mbrown@moorepackaging.com,General Housekeeping,1.0,,0,False,,,,
2025-06-03,2025-06-03 06:10:13.471,2025-06-03,mbrown@moorepackaging.com,Units and Stock,1.0,,0,True,,,,
2025-06-03,2025-06-03 06:14:10.301,2025-06-03,mbrown@moorepackaging.com,Units and Stock,,1.0,0,True,scrap from production,"the scrap is being stored in the warehouse in a safe manner, however the volume of scrap being stored in the warehouse is taking up too much floor space and creating into drive isles",bruce is coordinating relief,Completed
2025-06-03,2025-06-03 06:14:15.553,2025-06-03,mbrown@moorepackaging.com,Trailers,1.0,,0,False,,,,
2025-06-03,2025-06-03 06:14:22.818,2025-06-03,mbrown@moorepackaging.com,Loading Bars,1.0,,0,False,,,,
2025-06-03,2025-06-03 06:14:28.826,2025-06-03,mbrown@moorepackaging.com,Forklift Operation,1.0,,0,False,,,,
2025-06-03,2025-06-03 06:14:35.362,2025-06-03,mbrown@moorepackaging.com,Forklift Inspection Records,1.0,,0,False,,,,
2025-06-03,2025-06-03 06:14:42.894,2025-06-03,mbrown@moorepackaging.com,Electrical Equipment,1.0,,0,False,,,,
2025-06-03,2025-06-03 06:15:06.254,2025-06-03,mbrown@moorepackaging.com,Emergency Equipment,,,0,False,,,,
2025-06-03,2025-06-03 06:15:18.007,2025-06-03,mbrown@moorepackaging.com,Employee PPE,1.0,,0,False,,,,
2025-06-03,2025-06-03 06:15:22.610,2025-06-03,mbrown@moorepackaging.com,MSD Hazards,1.0,,0,False,,,,
2025-06-03,2025-06-03 06:24:54.058,2025-06-03,mbrown@moorepackaging.com,,,,1,False,,,,
2025-06-13,2025-06-13 10:31:25.675,2025-06-13,mbrown@moorepackaging.com,General Housekeeping,1.0,,1,False,,,,
2025-06-13,2025-06-13 10:31:36.444,2025-06-13,mbrown@moorepackaging.com,Units and Stock,1.0,,0,False,,,,
2025-06-13,2025-06-13 10:31:49.580,2025-06-13,mbrown@moorepackaging.com,Trailers,1.0,,0,False,,,,
2025-06-13,2025-06-13 10:32:00.248,2025-06-13,mbrown@moorepackaging.com,Loading Bars,1.0,,0,False,,,,
2025-06-13,2025-06-13 10:32:13.991,2025-06-13,mbrown@moorepackaging.com,Forklift Operation,1.0,,0,False,,,,
2025-06-13,2025-06-13 10:32:22.974,2025-06-13,mbrown@moorepackaging.com,Forklift Inspection Records,1.0,,0,False,,,,
2025-06-13,2025-06-13 10:32:35.990,2025-06-13,mbrown@moorepackaging.com,Electrical Equipment,1.0,,0,False,,,,
2025-06-13,2025-06-13 10:35:15.080,2025-06-13,mbrown@moorepackaging.com,Emergency Equipment,,1.0,0,False,warehouse,ex lighting over exit signs on man door P & M not lit. need battery replaced,replace battery,Completed
2025-06-13,2025-06-13 10:35:36.885,2025-06-13,mbrown@moorepackaging.com,Employee PPE,1.0,,0,False,,,,
2025-06-13,2025-06-13 10:35:45.470,2025-06-13,mbrown@moorepackaging.com,MSD Hazards,1.0,,0,False,,,,
2025-06-13,2025-06-13 10:37:22.203,2025-06-13,mbrown@moorepackaging.com,,,,1,False,,,,
2025-06-13,2025-06-13 10:37:45.018,2025-06-13,mbrown@moorepackaging.com,,,,1,False,,,,
2025-06-18,2025-06-18 06:34:24.710,2025-06-18,mbrown@moorepackaging.com,General Housekeeping,1.0,,1,False,,,,
2025-06-18,2025-06-18 06:36:15.333,2025-06-18,mbrown@moorepackaging.com,Units and Stock,,1.0,0,False,warehouse between labels and unitizer,scrap from production storage,bruce working on disposition,Assign to:
2025-06-18,2025-06-18 06:36:22.318,2025-06-18,mbrown@moorepackaging.com,Trailers,1.0,,0,False,,,,
2025-06-18,2025-06-18 06:36:29.378,2025-06-18,mbrown@moorepackaging.com,Loading Bars,1.0,,0,False,,,,
2025-06-18,2025-06-18 06:36:35.972,2025-06-18,mbrown@moorepackaging.com,Forklift Operation,1.0,,0,False,,,,
2025-06-18,2025-06-18 06:36:41.405,2025-06-18,mbrown@moorepackaging.com,Forklift Inspection Records,1.0,,0,False,,,,
2025-06-18,2025-06-18 06:36:47.487,2025-06-18,mbrown@moorepackaging.com,Electrical Equipment,1.0,,0,False,,,,
2025-06-18,2025-06-18 06:36:52.561,2025-06-18,mbrown@moorepackaging.com,Emergency Equipment,1.0,,0,False,,,,
2025-06-18,2025-06-18 06:37:00.206,2025-06-18,mbrown@moorepackaging.com,Employee PPE,1.0,,0,False,,,,
2025-06-18,2025-06-18 06:37:10.123,2025-06-18,mbrown@moorepackaging.com,MSD Hazards,1.0,,0,False,,,,
2025-06-18,2025-06-18 07:09:37.789,2025-06-18,mbrown@moorepackaging.com,,,,1,False,,,,
2025-06-24,2025-06-24 07:11:48.514,2025-06-24,mbrown@moorepackaging.com,General Housekeeping,1.0,,1,False,,,,
2025-06-24,2025-06-24 07:11:57.308,2025-06-24,mbrown@moorepackaging.com,Units and Stock,1.0,,0,False,,,,
2025-06-24,2025-06-24 07:12:10.082,2025-06-24,mbrown@moorepackaging.com,Trailers,1.0,,0,False,,,,
2025-06-24,2025-06-24 07:12:21.929,2025-06-24,mbrown@moorepackaging.com,Loading Bars,1.0,,0,False,,,,
2025-06-24,2025-06-24 07:12:34.492,2025-06-24,mbrown@moorepackaging.com,Forklift Operation,1.0,,0,False,,,,
2025-06-24,2025-06-24 07:12:54.088,2025-06-24,mbrown@moorepackaging.com,Forklift Inspection Records,1.0,,0,False,,,,
2025-06-24,2025-06-24 07:13:05.181,2025-06-24,mbrown@moorepackaging.com,Electrical Equipment,1.0,,0,False,,,,
2025-06-24,2025-06-24 07:16:56.603,2025-06-24,mbrown@moorepackaging.com,Emergency Equipment,,1.0,0,False,warehouse,"emergency lights above man door exit light not working, need battery replaced",replace batteries - work order issued,
2025-06-24,2025-06-24 07:17:02.609,2025-06-24,mbrown@moorepackaging.com,Employee PPE,1.0,,0,False,,,,
2025-06-24,2025-06-24 07:17:10.422,2025-06-24,mbrown@moorepackaging.com,MSD Hazards,1.0,,0,False,,,,
2025-07-01,2025-07-01 09:33:29.164,2025-07-01,mbrown@moorepackaging.com,General Housekeeping,1.0,,0,True,,,,
2025-07-01,2025-07-01 09:38:17.150,2025-07-01,mbrown@moorepackaging.com,Units and Stock,,1.0,0,True,by label racks and loc101/201/301,congestion by label racks with excess production waste and congestion in loc 101/201/301 with outside Atlantic stock storage,Bruce working on relief,Assign to:
2025-07-01,2025-07-01 09:38:28.121,2025-07-01,mbrown@moorepackaging.com,Trailers,1.0,,0,True,,,,
2025-07-01,2025-07-01 09:38:35.153,2025-07-01,mbrown@moorepackaging.com,Loading Bars,1.0,,0,True,,,,
2025-07-01,2025-07-01 09:38:44.101,2025-07-01,mbrown@moorepackaging.com,Forklift Operation,1.0,,0,True,,,,
2025-07-01,2025-07-01 09:39:03.820,2025-07-01,mbrown@moorepackaging.com,Forklift Operation,1.0,,0,True,,,,
2025-07-01,2025-07-01 09:39:11.689,2025-07-01,mbrown@moorepackaging.com,Forklift Inspection Records,1.0,,0,True,,,,
2025-07-01,2025-07-01 09:39:28.085,2025-07-01,mbrown@moorepackaging.com,Emergency Equipment,1.0,,0,True,,,,
2025-07-01,2025-07-01 09:39:50.855,2025-07-01,mbrown@moorepackaging.com,MSD Hazards,1.0,,0,True,,,,
2025-07-01,2025-07-01 09:41:53.943,2025-07-01,mbrown@moorepackaging.com,General Housekeeping,1.0,,0,True,,,,
2025-07-01,2025-07-01 09:43:49.622,2025-07-01,mbrown@moorepackaging.com,Units and Stock,,1.0,0,True,"label racks area and 201
repeat.  this one closed",congestion due to waste by labels and Atlantic stock in locations,reduce levels,Completed
2025-07-01,2025-07-01 09:43:56.906,2025-07-01,mbrown@moorepackaging.com,Trailers,1.0,,0,True,,,,
2025-07-01,2025-07-01 09:44:02.143,2025-07-01,mbrown@moorepackaging.com,Loading Bars,1.0,,0,True,,,,
2025-07-01,2025-07-01 09:44:06.659,2025-07-01,mbrown@moorepackaging.com,Forklift Operation,1.0,,0,True,,,,
2025-07-01,2025-07-01 09:44:20.947,2025-07-01,mbrown@moorepackaging.com,Electrical Equipment,1.0,,0,True,,,,
2025-07-01,2025-07-01 09:44:27.883,2025-07-01,mbrown@moorepackaging.com,Emergency Equipment,1.0,,0,True,,,,
2025-07-01,2025-07-01 09:44:33.590,2025-07-01,mbrown@moorepackaging.com,Employee PPE,1.0,,0,True,,,,
2025-07-01,2025-07-01 09:44:38.449,2025-07-01,mbrown@moorepackaging.com,MSD Hazards,1.0,,0,True,,,,
2025-07-01,2025-07-01 09:49:05.535,2025-07-01,mbrown@moorepackaging.com,General Housekeeping,1.0,,0,True,,,,
2025-07-01,2025-07-01 09:49:11.306,2025-07-01,mbrown@moorepackaging.com,Units and Stock,1.0,,0,True,,,,
2025-07-01,2025-07-01 09:49:16.168,2025-07-01,mbrown@moorepackaging.com,Trailers,1.0,,0,True,,,,
2025-07-01,2025-07-01 09:49:22.315,2025-07-01,mbrown@moorepackaging.com,Loading Bars,1.0,,0,True,,,,
2025-07-01,2025-07-01 09:49:28.361,2025-07-01,mbrown@moorepackaging.com,Loading Bars,1.0,,0,True,,,,
2025-07-01,2025-07-01 09:49:33.377,2025-07-01,mbrown@moorepackaging.com,Forklift Operation,1.0,,0,True,,,,
2025-07-01,2025-07-01 09:49:39.917,2025-07-01,mbrown@moorepackaging.com,Forklift Inspection Records,1.0,,0,True,,,,
2025-07-01,2025-07-01 09:49:46.335,2025-07-01,mbrown@moorepackaging.com,Emergency Equipment,1.0,,0,True,,,,
2025-07-01,2025-07-01 09:49:51.004,2025-07-01,mbrown@moorepackaging.com,Electrical Equipment,1.0,,0,True,,,,
2025-07-01,2025-07-01 09:49:56.360,2025-07-01,mbrown@moorepackaging.com,Emergency Equipment,1.0,,0,True,,,,
2025-07-01,2025-07-01 09:50:02.501,2025-07-01,mbrown@moorepackaging.com,Employee PPE,1.0,,0,True,,,,
2025-07-01,2025-07-01 09:50:07.936,2025-07-01,mbrown@moorepackaging.com,MSD Hazards,1.0,,0,True,,,,
2025-07-01,2025-07-01 10:14:04.591,2025-07-01,mbrown@moorepackaging.com,General Housekeeping,1.0,,0,True,,,,
2025-07-01,2025-07-01 10:15:49.876,2025-07-01,mbrown@moorepackaging.com,Units and Stock,,1.0,0,True,whse,congestion scrap and Atlantic stock,bruce working on,Assign to:
2025-07-01,2025-07-01 10:15:57.563,2025-07-01,mbrown@moorepackaging.com,Trailers,1.0,,0,True,,,,
2025-07-01,2025-07-01 10:16:07.809,2025-07-01,mbrown@moorepackaging.com,Loading Bars,1.0,,0,True,,,,
2025-07-01,2025-07-01 10:16:17.969,2025-07-01,mbrown@moorepackaging.com,Loading Bars,1.0,,0,True,,,,
2025-07-01,2025-07-01 10:16:27.265,2025-07-01,mbrown@moorepackaging.com,Forklift Operation,1.0,,0,True,,,,
2025-07-01,2025-07-01 10:16:32.860,2025-07-01,mbrown@moorepackaging.com,Forklift Inspection Records,1.0,,0,True,,,,
2025-07-01,2025-07-01 10:16:39.990,2025-07-01,mbrown@moorepackaging.com,Electrical Equipment,1.0,,0,True,,,,
2025-07-01,2025-07-01 10:16:51.333,2025-07-01,mbrown@moorepackaging.com,Employee PPE,1.0,,0,True,,,,
2025-07-01,2025-07-01 10:17:32.173,2025-07-01,mbrown@moorepackaging.com,MSD Hazards,1.0,,0,True,,,,
2025-07-01,2025-07-01 10:19:19.173,2025-07-01,mbrown@moorepackaging.com,General Housekeeping,1.0,,0,True,,,,
2025-07-01,2025-07-01 10:19:24.410,2025-07-01,mbrown@moorepackaging.com,Units and Stock,1.0,,0,True,,,,
2025-07-01,2025-07-01 10:19:29.400,2025-07-01,mbrown@moorepackaging.com,Trailers,1.0,,0,True,,,,
2025-07-01,2025-07-01 10:19:35.471,2025-07-01,mbrown@moorepackaging.com,Loading Bars,1.0,,0,True,,,,
2025-07-01,2025-07-01 10:19:43.263,2025-07-01,mbrown@moorepackaging.com,Forklift Operation,1.0,,0,True,,,,
2025-07-01,2025-07-01 10:20:10.873,2025-07-01,mbrown@moorepackaging.com,General Housekeeping,1.0,,0,True,,,,
2025-07-01,2025-07-01 10:20:18.731,2025-07-01,mbrown@moorepackaging.com,Units and Stock,1.0,,0,True,,,,
2025-07-01,2025-07-01 10:20:23.618,2025-07-01,mbrown@moorepackaging.com,Trailers,1.0,,0,True,,,,
2025-07-01,2025-07-01 10:21:09.074,2025-07-01,mbrown@moorepackaging.com,General Housekeeping,1.0,,0,True,,,,
2025-07-01,2025-07-01 10:21:34.709,2025-07-01,mbrown@moorepackaging.com,General Housekeeping,1.0,,0,True,,,,
2025-07-01,2025-07-01 10:22:06.533,2025-07-01,mbrown@moorepackaging.com,,,,1,False,,,,
2025-07-07,2025-07-07 10:04:05.234,2025-07-07,mbrown@moorepackaging.com,General Housekeeping,1.0,,0,True,,,,
2025-07-07,2025-07-07 10:04:16.568,2025-07-07,mbrown@moorepackaging.com,Units and Stock,1.0,,0,True,,,,
2025-07-07,2025-07-07 10:04:34.403,2025-07-07,mbrown@moorepackaging.com,Trailers,1.0,,0,True,,,,
2025-07-07,2025-07-07 10:04:45.078,2025-07-07,mbrown@moorepackaging.com,Loading Bars,1.0,,0,True,,,,
2025-07-07,2025-07-07 10:04:59.512,2025-07-07,mbrown@moorepackaging.com,Forklift Operation,1.0,,0,True,,,,
2025-07-07,2025-07-07 10:05:16.361,2025-07-07,mbrown@moorepackaging.com,Forklift Inspection Records,1.0,,0,True,,,,
2025-07-07,2025-07-07 10:05:52.749,2025-07-07,mbrown@moorepackaging.com,Electrical Equipment,1.0,,0,True,,,,
2025-07-07,2025-07-07 10:10:01.582,2025-07-07,mbrown@moorepackaging.com,Emergency Equipment,,1.0,0,True,warehouse,ex lights on warehouse doors M& P not working. need battery replaced. work order issued,replace batteries,
2025-07-07,2025-07-07 10:10:13.684,2025-07-07,mbrown@moorepackaging.com,Employee PPE,1.0,,0,True,,,,
2025-07-07,2025-07-07 10:12:27.255,2025-07-07,mbrown@moorepackaging.com,General Housekeeping,1.0,,0,True,,,,
2025-07-07,2025-07-07 10:12:33.599,2025-07-07,mbrown@moorepackaging.com,Units and Stock,1.0,,0,True,,,,
2025-07-07,2025-07-07 10:12:41.372,2025-07-07,mbrown@moorepackaging.com,Trailers,1.0,,0,True,,,,
2025-07-07,2025-07-07 10:12:48.344,2025-07-07,mbrown@moorepackaging.com,Loading Bars,1.0,,0,True,,,,
2025-07-07,2025-07-07 10:12:55.497,2025-07-07,mbrown@moorepackaging.com,Forklift Operation,1.0,,0,True,,,,
2025-07-07,2025-07-07 10:13:05.433,2025-07-07,mbrown@moorepackaging.com,Forklift Inspection Records,1.0,,0,True,,,,
2025-07-07,2025-07-07 10:13:17.663,2025-07-07,mbrown@moorepackaging.com,Electrical Equipment,1.0,,0,True,,,,
2025-07-07,2025-07-07 10:13:59.854,2025-07-07,mbrown@moorepackaging.com,Electrical Equipment,1.0,,0,True,,,,
2025-07-07,2025-07-07 10:15:35.087,2025-07-07,mbrown@moorepackaging.com,Emergency Equipment,,1.0,0,True,warehouse,ex light on door M & P not working. need battery replaced,"replace battery
repeat.  this one closed, other is left open",Completed
2025-07-07,2025-07-07 10:15:39.823,2025-07-07,mbrown@moorepackaging.com,Employee PPE,1.0,,0,True,,,,
2025-07-07,2025-07-07 10:30:32.301,2025-07-07,mbrown@moorepackaging.com,,,,1,False,,,,
2025-07-14,2025-07-14 05:20:38.746,2025-07-14,mbrown@moorepackaging.com,General Housekeeping,1.0,,0,False,,,,
2025-07-14,2025-07-14 05:20:47.373,2025-07-14,mbrown@moorepackaging.com,Units and Stock,1.0,,0,False,,,,
2025-07-14,2025-07-14 05:21:09.300,2025-07-14,mbrown@moorepackaging.com,Forklift Operation,1.0,,0,False,,,,
2025-07-14,2025-07-14 05:21:15.456,2025-07-14,mbrown@moorepackaging.com,Forklift Inspection Records,1.0,,0,False,,,,
2025-07-14,2025-07-14 05:22:11.696,2025-07-14,mbrown@moorepackaging.com,Electrical Equipment,1.0,,0,False,,,,
2025-07-14,2025-07-14 05:22:30.369,2025-07-14,mbrown@moorepackaging.com,Emergency Equipment,1.0,,0,False,,,,
2025-07-14,2025-07-14 05:22:35.321,2025-07-14,mbrown@moorepackaging.com,Employee PPE,1.0,,0,False,,,,
2025-07-14,2025-07-14 05:22:41.398,2025-07-14,mbrown@moorepackaging.com,MSD Hazards,1.0,,0,False,,,,
2025-07-14,2025-07-14 05:26:06.747,2025-07-14,mbrown@moorepackaging.com,,,,1,False,,,,
2025-07-21,2025-07-21 07:28:56.589,2025-07-21,mbrown@moorepackaging.com,General Housekeeping,,1.0,0,False,warehouse,excessive jit stock,,
2025-07-21,2025-07-21 07:29:14.807,2025-07-21,mbrown@moorepackaging.com,Units and Stock,1.0,,0,False,,,,
2025-07-21,2025-07-21 07:29:22.529,2025-07-21,mbrown@moorepackaging.com,Trailers,1.0,,0,False,,,,
2025-07-21,2025-07-21 07:29:29.954,2025-07-21,mbrown@moorepackaging.com,Loading Bars,1.0,,0,False,,,,
2025-07-21,2025-07-21 07:29:46.883,2025-07-21,mbrown@moorepackaging.com,Forklift Operation,1.0,,0,False,,,,
2025-07-21,2025-07-21 07:29:54.986,2025-07-21,mbrown@moorepackaging.com,Forklift Inspection Records,1.0,,0,False,,,,
2025-07-21,2025-07-21 07:30:04.996,2025-07-21,mbrown@moorepackaging.com,Electrical Equipment,1.0,,0,False,,,,
2025-07-21,2025-07-21 07:31:29.976,2025-07-21,mbrown@moorepackaging.com,Emergency Equipment,,1.0,0,False,warehouse,ex lights over door M & P not lighting up,"replace battery
repeat.  this one closed, other is left open",Completed
2025-07-21,2025-07-21 07:31:40.927,2025-07-21,mbrown@moorepackaging.com,Employee PPE,1.0,,0,False,,,,
2025-07-21,2025-07-21 07:31:49.504,2025-07-21,mbrown@moorepackaging.com,MSD Hazards,1.0,,0,False,,,,
2025-07-21,2025-07-21 07:33:50.716,2025-07-21,mbrown@moorepackaging.com,,,,1,False,,,,
2025-07-30,2025-07-30 05:15:01.384,2025-07-30,mbrown@moorepackaging.com,General Housekeeping,1.0,,0,False,,,,
2025-07-30,2025-07-30 05:15:16.180,2025-07-30,mbrown@moorepackaging.com,Units and Stock,1.0,,0,False,,,,
2025-07-30,2025-07-30 05:15:26.182,2025-07-30,mbrown@moorepackaging.com,Trailers,1.0,,0,False,,,,
2025-07-30,2025-07-30 05:15:32.765,2025-07-30,mbrown@moorepackaging.com,Loading Bars,1.0,,0,False,,,,
2025-07-30,2025-07-30 05:15:53.415,2025-07-30,mbrown@moorepackaging.com,Forklift Operation,1.0,,0,False,,,,
2025-07-30,2025-07-30 05:16:05.228,2025-07-30,mbrown@moorepackaging.com,Forklift Inspection Records,1.0,,0,False,,,,
2025-07-30,2025-07-30 05:16:17.527,2025-07-30,mbrown@moorepackaging.com,Electrical Equipment,1.0,,0,False,,,,
2025-07-30,2025-07-30 05:19:29.662,2025-07-30,mbrown@moorepackaging.com,Emergency Equipment,,1.0,0,False,some emergency exit lights,some lights require replacement of batteries,"inspect and replace batteries as needed, work order previously submitted by WW",Assign to: maintenance
2025-07-30,2025-07-30 05:19:45.048,2025-07-30,mbrown@moorepackaging.com,Employee PPE,1.0,,0,False,,,,
2025-07-30,2025-07-30 05:23:02.259,2025-07-30,mbrown@moorepackaging.com,MSD Hazards,,1.0,0,False,by wrapper,"two drums of old glue with no lid and insecure lid, maintenance and production aware",maint or production to put in proper disposal containers on a pallet,Assign to: maint
2025-07-30,2025-07-30 05:23:43.209,2025-07-30,mbrown@moorepackaging.com,,,,1,False,,,,
2025-08-26,2025-08-26 14:12:28.857,2025-08-26,kryan@moorepackaging.com,General Housekeeping,1.0,,0,False,,,,
2025-08-26,2025-08-26 14:12:34.702,2025-08-26,kryan@moorepackaging.com,Units and Stock,1.0,,0,False,,,,
2025-08-26,2025-08-26 14:12:38.658,2025-08-26,kryan@moorepackaging.com,Trailers,1.0,,0,False,,,,
2025-08-26,2025-08-26 14:12:42.715,2025-08-26,kryan@moorepackaging.com,Loading Bars,1.0,,0,False,,,,
2025-08-26,2025-08-26 14:12:46.996,2025-08-26,kryan@moorepackaging.com,Forklift Operation,1.0,,0,False,,,,
2025-08-26,2025-08-26 14:12:51.349,2025-08-26,kryan@moorepackaging.com,Forklift Inspection Records,1.0,,0,False,,,,
2025-08-26,2025-08-26 14:12:55.711,2025-08-26,kryan@moorepackaging.com,Electrical Equipment,1.0,,0,False,,,,
2025-08-26,2025-08-26 14:13:00.247,2025-08-26,kryan@moorepackaging.com,Emergency Equipment,1.0,,0,False,,,,
2025-08-26,2025-08-26 14:13:04.908,2025-08-26,kryan@moorepackaging.com,Employee PPE,1.0,,0,False,,,,
2025-08-26,2025-08-26 14:13:08.917,2025-08-26,kryan@moorepackaging.com,MSD Hazards,1.0,,0,False,,,,
2025-08-26,2025-08-26 14:13:44.147,2025-08-26,kryan@moorepackaging.com,,,,1,False,,,,
2025-08-28,2025-08-28 06:03:09.699,2025-08-28,mbrown@moorepackaging.com,General Housekeeping,1.0,,1,False,,,,
2025-08-28,2025-08-28 06:03:23.848,2025-08-28,mbrown@moorepackaging.com,Units and Stock,1.0,,0,False,,,,
2025-08-28,2025-08-28 06:03:34.339,2025-08-28,mbrown@moorepackaging.com,Trailers,1.0,,0,False,,,,
2025-08-28,2025-08-28 06:03:43.380,2025-08-28,mbrown@moorepackaging.com,Loading Bars,1.0,,0,False,,,,
2025-08-28,2025-08-28 06:03:50.915,2025-08-28,mbrown@moorepackaging.com,Forklift Operation,1.0,,0,False,,,,
2025-08-28,2025-08-28 06:04:02.694,2025-08-28,mbrown@moorepackaging.com,Forklift Inspection Records,1.0,,0,False,,,,
2025-08-28,2025-08-28 06:04:10.413,2025-08-28,mbrown@moorepackaging.com,Electrical Equipment,1.0,,0,False,,,,
2025-08-28,2025-08-28 06:04:18.519,2025-08-28,mbrown@moorepackaging.com,Emergency Equipment,1.0,,0,False,,,,
2025-08-28,2025-08-28 06:04:25.022,2025-08-28,mbrown@moorepackaging.com,Employee PPE,1.0,,0,False,,,,
2025-08-28,2025-08-28 06:04:33.412,2025-08-28,mbrown@moorepackaging.com,MSD Hazards,1.0,,0,False,,,,
2025-08-28,2025-08-28 06:05:24.825,2025-08-28,mbrown@moorepackaging.com,,,,1,False,,,,
2025-09-02,2025-09-02 08:02:53.445,2025-09-02,mbrown@moorepackaging.com,General Housekeeping,1.0,,0,False,,,,
2025-09-02,2025-09-02 08:03:02.717,2025-09-02,mbrown@moorepackaging.com,Units and Stock,1.0,,0,False,,,,
2025-09-02,2025-09-02 08:03:11.627,2025-09-02,mbrown@moorepackaging.com,Trailers,1.0,,0,False,,,,
2025-09-02,2025-09-02 08:03:19.667,2025-09-02,mbrown@moorepackaging.com,Loading Bars,1.0,,0,False,,,,
2025-09-02,2025-09-02 08:03:31.133,2025-09-02,mbrown@moorepackaging.com,Forklift Operation,1.0,,0,False,,,,
2025-09-02,2025-09-02 08:03:38.229,2025-09-02,mbrown@moorepackaging.com,Forklift Inspection Records,1.0,,0,False,,,,
2025-09-02,2025-09-02 08:03:50.471,2025-09-02,mbrown@moorepackaging.com,Electrical Equipment,1.0,,0,False,,,,
2025-09-02,2025-09-02 08:05:48.584,2025-09-02,mbrown@moorepackaging.com,Emergency Equipment,,1.0,0,False,warehouse,emergency lighting over door M&P not working,replace light box battery work order 8811 issued,
2025-09-02,2025-09-02 08:05:55.472,2025-09-02,mbrown@moorepackaging.com,Employee PPE,1.0,,0,False,,,,
2025-09-02,2025-09-02 08:06:06.380,2025-09-02,mbrown@moorepackaging.com,MSD Hazards,1.0,,0,False,,,,
2025-09-02,2025-09-02 08:06:57.855,2025-09-02,mbrown@moorepackaging.com,,,,1,False,,,,
2025-09-10,2025-09-10 07:21:58.871,2025-09-10,mbrown@moorepackaging.com,General Housekeeping,1.0,,0,False,,,,
2025-09-10,2025-09-10 07:22:06.573,2025-09-10,mbrown@moorepackaging.com,Units and Stock,1.0,,0,False,,,,
2025-09-10,2025-09-10 07:22:18.494,2025-09-10,mbrown@moorepackaging.com,Trailers,1.0,,0,False,,,,
2025-09-10,2025-09-10 07:22:29.838,2025-09-10,mbrown@moorepackaging.com,Loading Bars,1.0,,0,False,,,,
2025-09-10,2025-09-10 07:22:36.142,2025-09-10,mbrown@moorepackaging.com,Forklift Operation,1.0,,0,False,,,,
2025-09-10,2025-09-10 07:22:44.006,2025-09-10,mbrown@moorepackaging.com,Forklift Inspection Records,1.0,,0,False,,,,
2025-09-10,2025-09-10 07:23:04.386,2025-09-10,mbrown@moorepackaging.com,Electrical Equipment,1.0,,0,False,,,,
2025-09-10,2025-09-10 07:23:16.698,2025-09-10,mbrown@moorepackaging.com,Emergency Equipment,1.0,,0,False,,,,
2025-09-10,2025-09-10 07:23:33.924,2025-09-10,mbrown@moorepackaging.com,Employee PPE,1.0,,0,False,,,,
2025-09-10,2025-09-10 07:23:41.450,2025-09-10,mbrown@moorepackaging.com,MSD Hazards,1.0,,0,False,,,,
2025-09-10,2025-09-10 07:24:05.936,2025-09-10,mbrown@moorepackaging.com,,,,1,False,,,,
2025-09-19,2025-09-19 06:46:31.837,2025-09-19,mbrown@moorepackaging.com,,,,0,False,,,,
2025-09-19,2025-09-19 06:47:38.021,2025-09-19,kryan@moorepackaging.com,,,,1,False,,,,
2025-09-22,2025-09-22 09:37:05.433,2025-09-22,mbrown@moorepackaging.com,General Housekeeping,1.0,,1,False,,,,
2025-09-22,2025-09-22 09:37:11.218,2025-09-22,mbrown@moorepackaging.com,Units and Stock,1.0,,0,False,,,,
2025-09-22,2025-09-22 09:37:19.786,2025-09-22,mbrown@moorepackaging.com,Trailers,1.0,,0,False,,,,
2025-09-22,2025-09-22 09:37:26.014,2025-09-22,mbrown@moorepackaging.com,Loading Bars,1.0,,0,False,,,,
2025-09-22,2025-09-22 09:37:35.953,2025-09-22,mbrown@moorepackaging.com,Forklift Operation,1.0,,0,False,,,,
2025-09-22,2025-09-22 09:37:46.583,2025-09-22,mbrown@moorepackaging.com,Forklift Inspection Records,1.0,,0,False,,,,
2025-09-22,2025-09-22 09:37:54.611,2025-09-22,mbrown@moorepackaging.com,Electrical Equipment,1.0,,0,False,,,,
2025-09-22,2025-09-22 09:38:00.734,2025-09-22,mbrown@moorepackaging.com,Emergency Equipment,1.0,,0,False,,,,
2025-09-22,2025-09-22 09:38:06.431,2025-09-22,mbrown@moorepackaging.com,Employee PPE,1.0,,0,False,,,,
2025-09-22,2025-09-22 09:38:13.922,2025-09-22,mbrown@moorepackaging.com,MSD Hazards,1.0,,0,False,,,,
2025-09-22,2025-09-22 09:38:43.640,2025-09-22,mbrown@moorepackaging.com,,,,1,False,,,,
2025-10-07,2025-10-07 06:47:18.277,2025-10-07,mbrown@moorepackaging.com,Electrical Equipment,,1.0,1,False,"lights above unitizer and above door 7, work orders 8947 and 8948 submitted","lights above unitizer and above door 7, work orders 8947 and 8948 submitted",please execute work orders,Assign to:
2025-10-07,2025-10-07 06:47:35.264,2025-10-07,mbrown@moorepackaging.com,MSD Hazards,1.0,,0,False,,,,
2025-10-15,2025-10-15 07:44:16.089,2025-10-15,mbrown@moorepackaging.com,General Housekeeping,1.0,,0,False,,,,
2025-10-15,2025-10-15 07:44:26.769,2025-10-15,mbrown@moorepackaging.com,Units and Stock,1.0,,0,False,,,,
2025-10-15,2025-10-15 07:44:36.046,2025-10-15,mbrown@moorepackaging.com,Trailers,1.0,,0,False,,,,
2025-10-15,2025-10-15 07:44:46.444,2025-10-15,mbrown@moorepackaging.com,Loading Bars,1.0,,0,False,,,,
2025-10-15,2025-10-15 07:45:01.697,2025-10-15,mbrown@moorepackaging.com,Forklift Operation,1.0,,0,False,,,,
2025-10-15,2025-10-15 07:45:11.516,2025-10-15,mbrown@moorepackaging.com,Forklift Inspection Records,1.0,,0,False,,,,
2025-10-15,2025-10-15 07:45:23.342,2025-10-15,mbrown@moorepackaging.com,Electrical Equipment,1.0,,0,False,,,,
2025-10-15,2025-10-15 07:45:37.424,2025-10-15,mbrown@moorepackaging.com,Emergency Equipment,1.0,,0,False,,,,
2025-10-15,2025-10-15 07:45:53.256,2025-10-15,mbrown@moorepackaging.com,Employee PPE,1.0,,0,False,,,,
2025-10-15,2025-10-15 07:46:02.210,2025-10-15,mbrown@moorepackaging.com,MSD Hazards,1.0,,0,False,,,,
2025-10-15,2025-10-15 07:46:54.497,2025-10-15,mbrown@moorepackaging.com,,,,1,False,,,,
2025-10-21,2025-10-21 07:36:50.119,2025-10-21,mbrown@moorepackaging.com,Units and Stock,1.0,,0,False,,,,
2025-10-21,2025-10-21 07:37:02.545,2025-10-21,mbrown@moorepackaging.com,General Housekeeping,1.0,,0,False,,,,
2025-10-21,2025-10-21 07:37:10.045,2025-10-21,mbrown@moorepackaging.com,Trailers,1.0,,0,False,,,,
2025-10-21,2025-10-21 07:37:20.372,2025-10-21,mbrown@moorepackaging.com,Loading Bars,1.0,,0,False,,,,
2025-10-21,2025-10-21 07:37:31.218,2025-10-21,mbrown@moorepackaging.com,Forklift Operation,1.0,,0,False,,,,
2025-10-21,2025-10-21 07:37:41.099,2025-10-21,mbrown@moorepackaging.com,Forklift Inspection Records,1.0,,0,False,,,,
2025-10-21,2025-10-21 07:38:22.291,2025-10-21,mbrown@moorepackaging.com,Electrical Equipment,1.0,,0,False,,,,
2025-10-21,2025-10-21 07:38:29.879,2025-10-21,mbrown@moorepackaging.com,Emergency Equipment,1.0,,0,False,,,,
2025-10-21,2025-10-21 07:38:36.899,2025-10-21,mbrown@moorepackaging.com,Employee PPE,1.0,,0,False,,,,
2025-10-21,2025-10-21 07:38:44.104,2025-10-21,mbrown@moorepackaging.com,MSD Hazards,1.0,,0,False,,,,
2025-10-21,2025-10-21 07:42:45.445,2025-10-21,mbrown@moorepackaging.com,,,,1,False,,,,
2025-10-27,2025-10-27 08:03:39.997,2025-10-27,mbrown@moorepackaging.com,General Housekeeping,1.0,,0,False,,,,
2025-10-27,2025-10-27 08:04:18.223,2025-10-27,mbrown@moorepackaging.com,Units and Stock,1.0,,0,False,,,,
2025-10-27,2025-10-27 08:04:27.967,2025-10-27,mbrown@moorepackaging.com,Trailers,1.0,,0,False,,,,
2025-10-27,2025-10-27 08:05:18.748,2025-10-27,mbrown@moorepackaging.com,Loading Bars,1.0,,0,False,,,,
2025-10-27,2025-10-27 08:05:28.062,2025-10-27,mbrown@moorepackaging.com,Forklift Operation,1.0,,0,False,,,,
2025-10-27,2025-10-27 08:05:36.686,2025-10-27,mbrown@moorepackaging.com,Forklift Inspection Records,1.0,,0,False,,,,
2025-10-27,2025-10-27 08:05:47.782,2025-10-27,mbrown@moorepackaging.com,Electrical Equipment,1.0,,0,False,,,,
2025-10-27,2025-10-27 08:05:58.497,2025-10-27,mbrown@moorepackaging.com,Emergency Equipment,1.0,,0,True,,,,
2025-10-27,2025-10-27 08:08:26.454,2025-10-27,mbrown@moorepackaging.com,Employee PPE,1.0,,0,False,,,,
2025-10-27,2025-10-27 08:08:34.717,2025-10-27,mbrown@moorepackaging.com,Emergency Equipment,1.0,,0,True,,,,
2025-10-27,2025-10-27 08:08:42.326,2025-10-27,mbrown@moorepackaging.com,MSD Hazards,1.0,,0,False,,,,
2025-10-27,2025-10-27 08:09:17.058,2025-10-27,mbrown@moorepackaging.com,,,,1,False,,,,
2025-11-03,2025-11-03 07:02:42.173,2025-11-03,mbrown@moorepackaging.com,MSD Hazards,1.0,1.0,0,False,still two drums of old oil from production by the wrapping machine. These need to be properly labeled and disposed of.,still two drums of old oil from production by the wrapping machine. These need to be properly labeled and disposed of.,Mark H aware,Assign to: mark hodgin
2025-11-03,2025-11-03 07:03:59.125,2025-11-03,mbrown@moorepackaging.com,Employee PPE,1.0,,0,False,,,,
2025-11-03,2025-11-03 07:05:29.731,2025-11-03,mbrown@moorepackaging.com,General Housekeeping,1.0,,0,False,,,,
2025-11-03,2025-11-03 07:05:34.238,2025-11-03,mbrown@moorepackaging.com,Units and Stock,1.0,,0,False,,,,
2025-11-03,2025-11-03 07:05:38.482,2025-11-03,mbrown@moorepackaging.com,Trailers,1.0,,0,False,,,,
2025-11-03,2025-11-03 07:05:43.193,2025-11-03,mbrown@moorepackaging.com,Loading Bars,1.0,,0,False,,,,
2025-11-03,2025-11-03 07:05:49.090,2025-11-03,mbrown@moorepackaging.com,Forklift Operation,1.0,,0,False,,,,
2025-11-03,2025-11-03 07:05:56.342,2025-11-03,mbrown@moorepackaging.com,Forklift Inspection Records,1.0,,0,False,,,,
2025-11-03,2025-11-03 07:06:01.603,2025-11-03,mbrown@moorepackaging.com,Electrical Equipment,1.0,,0,False,,,,
2025-11-03,2025-11-03 07:06:07.646,2025-11-03,mbrown@moorepackaging.com,Emergency Equipment,1.0,,0,False,,,,
2025-11-03,2025-11-03 07:07:11.377,2025-11-03,mbrown@moorepackaging.com,,,,1,False,,,,
2025-11-10,2025-11-10 08:52:00.892,2025-11-10,mbrown@moorepackaging.com,General Housekeeping,1.0,,0,False,,,,
2025-11-10,2025-11-10 08:52:13.611,2025-11-10,mbrown@moorepackaging.com,Units and Stock,1.0,,0,False,,,,
2025-11-10,2025-11-10 08:52:22.551,2025-11-10,mbrown@moorepackaging.com,Trailers,1.0,,0,False,,,,
2025-11-10,2025-11-10 08:52:34.575,2025-11-10,mbrown@moorepackaging.com,Loading Bars,1.0,,0,False,,,,
2025-11-10,2025-11-10 08:52:45.284,2025-11-10,mbrown@moorepackaging.com,Forklift Operation,1.0,,0,True,,,,
2025-11-10,2025-11-10 08:53:03.709,2025-11-10,mbrown@moorepackaging.com,Forklift Operation,1.0,,0,True,,,,
2025-11-10,2025-11-10 08:53:15.752,2025-11-10,mbrown@moorepackaging.com,Electrical Equipment,1.0,,0,False,,,,
2025-11-10,2025-11-10 08:53:30.528,2025-11-10,mbrown@moorepackaging.com,Emergency Equipment,1.0,,0,True,,,,
2025-11-10,2025-11-10 08:53:41.877,2025-11-10,mbrown@moorepackaging.com,Emergency Equipment,1.0,,0,True,,,,
2025-11-10,2025-11-10 08:53:49.462,2025-11-10,mbrown@moorepackaging.com,Employee PPE,1.0,,0,False,,,,
2025-11-10,2025-11-10 08:53:56.162,2025-11-10,mbrown@moorepackaging.com,MSD Hazards,1.0,,0,False,,,,
2025-11-10,2025-11-10 09:01:17.253,2025-11-10,mbrown@moorepackaging.com,Forklift Operation,1.0,,0,True,,,,
2025-11-10,2025-11-10 09:01:25.621,2025-11-10,mbrown@moorepackaging.com,Forklift Inspection Records,1.0,,0,False,,,,
2025-11-10,2025-11-10 09:01:35.505,2025-11-10,mbrown@moorepackaging.com,Emergency Equipment,1.0,,0,True,,,,
2025-11-10,2025-11-10 09:01:57.864,2025-11-10,mbrown@moorepackaging.com,,,,1,False,,,,
2025-11-17,2025-11-17 07:54:05.324,2025-11-17,mbrown@moorepackaging.com,General Housekeeping,1.0,,0,True,,,,
2025-11-17,2025-11-17 08:15:21.858,2025-11-17,mbrown@moorepackaging.com,General Housekeeping,1.0,,0,True,,,,
2025-11-17,2025-11-17 08:15:27.321,2025-11-17,mbrown@moorepackaging.com,Units and Stock,1.0,,0,False,,,,
2025-11-17,2025-11-17 08:15:33.355,2025-11-17,mbrown@moorepackaging.com,Trailers,1.0,,0,False,,,,
2025-11-17,2025-11-17 08:15:40.078,2025-11-17,mbrown@moorepackaging.com,Loading Bars,1.0,,0,False,,,,
2025-11-17,2025-11-17 08:15:46.832,2025-11-17,mbrown@moorepackaging.com,Forklift Operation,1.0,,0,False,,,,
2025-11-17,2025-11-17 08:15:56.447,2025-11-17,mbrown@moorepackaging.com,Forklift Inspection Records,1.0,,0,False,,,,
2025-11-17,2025-11-17 08:18:17.366,2025-11-17,mbrown@moorepackaging.com,Electrical Equipment,,1.0,0,False,door Q exit light no on,door Q exit light not on,maint to repair work order 9158,Assign to: Bruce m
2025-11-17,2025-11-17 08:19:35.206,2025-11-17,mbrown@moorepackaging.com,Emergency Equipment,,1.0,0,False,door Q,emergency light not working,maint to repair 9158,Assign to: Bruce m
2025-11-17,2025-11-17 08:19:40.449,2025-11-17,mbrown@moorepackaging.com,Employee PPE,1.0,,0,False,,,,
2025-11-17,2025-11-17 08:19:45.764,2025-11-17,mbrown@moorepackaging.com,MSD Hazards,1.0,,0,False,,,,
2025-11-17,2025-11-17 08:20:08.422,2025-11-17,mbrown@moorepackaging.com,,,,1,False,,,,
2025-11-24,2025-11-24 07:31:30.867,2025-11-24,mbrown@moorepackaging.com,General Housekeeping,1.0,,0,False,,,,
2025-11-24,2025-11-24 07:31:39.887,2025-11-24,mbrown@moorepackaging.com,Units and Stock,1.0,,0,False,,,,
2025-11-24,2025-11-24 07:31:48.716,2025-11-24,mbrown@moorepackaging.com,Trailers,1.0,,0,False,,,,
2025-11-24,2025-11-24 07:32:02.577,2025-11-24,mbrown@moorepackaging.com,Loading Bars,1.0,,0,False,,,,
2025-11-24,2025-11-24 07:32:11.148,2025-11-24,mbrown@moorepackaging.com,Forklift Operation,1.0,,0,False,,,,
2025-11-24,2025-11-24 07:32:20.585,2025-11-24,mbrown@moorepackaging.com,Forklift Inspection Records,1.0,,0,False,,,,
2025-11-24,2025-11-24 07:32:29.039,2025-11-24,mbrown@moorepackaging.com,Electrical Equipment,1.0,,0,False,,,,
2025-11-24,2025-11-24 07:32:37.568,2025-11-24,mbrown@moorepackaging.com,Emergency Equipment,1.0,,0,False,,,,
2025-11-24,2025-11-24 07:32:47.078,2025-11-24,mbrown@moorepackaging.com,Employee PPE,1.0,,0,False,,,,
2025-11-24,2025-11-24 07:32:56.225,2025-11-24,mbrown@moorepackaging.com,MSD Hazards,1.0,,0,False,,,,
2025-11-24,2025-11-24 07:33:39.679,2025-11-24,mbrown@moorepackaging.com,,,,1,False,,,,
